{
    "Min Final Price": 288.17318172617763,
    "VaR %": -28.663104789347383,
    "VaR Value": -286.6310478934738
}