{
    "Min Final Price": 175.52731850365993,
    "VaR %": -58.033981719952536,
    "VaR Value": -580.3398171995253
}