{
    "Min Final Price": 409.13376941416874,
    "VaR %": -30.815408420910423,
    "VaR Value": -308.1540842091042
}