{
    "Min Final Price": 435.41210755231975,
    "VaR %": -16.618418119533143,
    "VaR Value": -166.18418119533143
}