{
    "Min Final Price": 440.3205296137364,
    "VaR %": -18.69936107329563,
    "VaR Value": -186.9936107329563
}