{
    "Min Final Price": 499.1181216765162,
    "VaR %": -22.336469426512643,
    "VaR Value": -223.36469426512642
}