{
    "Min Final Price": 580.6052371011899,
    "VaR %": -18.67668652281781,
    "VaR Value": -186.7668652281781
}