{
    "Min Final Price": 442.55575046871144,
    "VaR %": -20.761407935424973,
    "VaR Value": -207.61407935424975
}