{
    "Min Final Price": 541.5458522994772,
    "VaR %": -18.48750064761906,
    "VaR Value": -184.87500647619063
}