{
    "Min Final Price": 463.4983704000738,
    "VaR %": -26.25335347950334,
    "VaR Value": -262.5335347950334
}