{
    "Min Final Price": 422.2016539776131,
    "VaR %": -28.69388581938746,
    "VaR Value": -286.9388581938746
}