{
    "Min Final Price": 406.84213242352416,
    "VaR %": -27.79791777789659,
    "VaR Value": -277.9791777789659
}