{
    "Min Final Price": 554.7873327305933,
    "VaR %": -19.598363841066156,
    "VaR Value": -195.98363841066157
}