{
    "Min Final Price": 358.8935601511984,
    "VaR %": -35.71265782404424,
    "VaR Value": -357.1265782404424
}