{
    "Min Final Price": 456.0266651593009,
    "VaR %": -19.957216466138046,
    "VaR Value": -199.57216466138044
}