{
    "Min Final Price": 644.6603099815702,
    "VaR %": -18.900047836294384,
    "VaR Value": -189.00047836294385
}