{
    "Min Final Price": 348.7533903597573,
    "VaR %": -38.97807961998692,
    "VaR Value": -389.7807961998692
}