{
    "Min Final Price": 388.13867161902516,
    "VaR %": -30.526127351253773,
    "VaR Value": -305.26127351253774
}