{
    "Min Final Price": 256.5089253827928,
    "VaR %": -44.435436006979685,
    "VaR Value": -444.3543600697968
}