{
    "Min Final Price": 501.7753948592417,
    "VaR %": -23.23703286732293,
    "VaR Value": -232.37032867322932
}