{
    "Min Final Price": 641.0288416672163,
    "VaR %": -10.942946700268836,
    "VaR Value": -109.42946700268836
}