{
    "Min Final Price": 290.8491497027793,
    "VaR %": -42.57608266280019,
    "VaR Value": -425.7608266280019
}