{
    "Min Final Price": 244.11540286798598,
    "VaR %": -39.09055268198359,
    "VaR Value": -390.90552681983587
}