{
    "Min Final Price": 348.6576101456864,
    "VaR %": -38.78176209373472,
    "VaR Value": -387.81762093734716
}