{
    "Min Final Price": 308.2411375833487,
    "VaR %": -41.36478783491142,
    "VaR Value": -413.6478783491142
}