{
    "Min Final Price": 464.1539667450734,
    "VaR %": -20.86767969010802,
    "VaR Value": -208.6767969010802
}