{
    "Min Final Price": 443.5476689696264,
    "VaR %": -30.883565170970694,
    "VaR Value": -308.83565170970695
}