{
    "Min Final Price": 341.87717264888494,
    "VaR %": -32.67918161765564,
    "VaR Value": -326.7918161765564
}