{
    "Min Final Price": 506.0911288999208,
    "VaR %": -29.842374306639957,
    "VaR Value": -298.4237430663996
}