{
    "Min Final Price": 200.77464302573904,
    "VaR %": -57.48451603966056,
    "VaR Value": -574.8451603966056
}