{
    "Min Final Price": 549.5742194161642,
    "VaR %": -20.77921084073038,
    "VaR Value": -207.79210840730377
}