{
    "Min Final Price": 461.3361720955783,
    "VaR %": -24.84879073728851,
    "VaR Value": -248.4879073728851
}