{
    "Min Final Price": 344.35674638015007,
    "VaR %": -32.03958298328565,
    "VaR Value": -320.39582983285646
}