{
    "Min Final Price": 495.8110209852652,
    "VaR %": -22.081660078109564,
    "VaR Value": -220.81660078109564
}