{
    "Min Final Price": 438.72892972559146,
    "VaR %": -23.76634608510953,
    "VaR Value": -237.6634608510953
}