{
    "Min Final Price": 266.67689868004254,
    "VaR %": -36.94743382410287,
    "VaR Value": -369.4743382410287
}