{
    "Min Final Price": 410.6728091852007,
    "VaR %": -28.327779593284184,
    "VaR Value": -283.27779593284185
}