{
    "Min Final Price": 395.39709633703575,
    "VaR %": -15.178519894692116,
    "VaR Value": -151.78519894692116
}