{
    "Min Final Price": 451.0759860151964,
    "VaR %": -22.914390631767496,
    "VaR Value": -229.14390631767498
}