{
    "Min Final Price": 167.58327884965928,
    "VaR %": -68.74557078819701,
    "VaR Value": -687.45570788197
}