{
    "Min Final Price": 485.8173830059068,
    "VaR %": -25.777450938803277,
    "VaR Value": -257.77450938803275
}