{
    "Min Final Price": 480.685492108942,
    "VaR %": -25.64687658307624,
    "VaR Value": -256.4687658307624
}