{
    "Min Final Price": 266.20187156917154,
    "VaR %": -35.227363721281286,
    "VaR Value": -352.27363721281284
}