{
    "Min Final Price": 446.86500225123166,
    "VaR %": -25.12731076881602,
    "VaR Value": -251.2731076881602
}