{
    "Min Final Price": 573.7431687506906,
    "VaR %": -14.136259637126786,
    "VaR Value": -141.36259637126787
}