{
    "Min Final Price": 339.44104910530393,
    "VaR %": -34.182508221503845,
    "VaR Value": -341.82508221503844
}