{
    "Min Final Price": 380.5806195507806,
    "VaR %": -26.47949096165504,
    "VaR Value": -264.7949096165504
}