{
    "Min Final Price": 358.04939858458704,
    "VaR %": -21.880648626773745,
    "VaR Value": -218.80648626773743
}