{
    "Min Final Price": 444.6181444981498,
    "VaR %": -27.164265469020023,
    "VaR Value": -271.64265469020023
}