{
    "Min Final Price": 407.8649249687513,
    "VaR %": -12.557753949009465,
    "VaR Value": -125.57753949009465
}