{
    "Min Final Price": 429.169819782602,
    "VaR %": -34.01939291347117,
    "VaR Value": -340.1939291347117
}