{
    "Min Final Price": 459.3918507942371,
    "VaR %": -13.648425524985846,
    "VaR Value": -136.48425524985848
}