{
    "Min Final Price": 241.9301989527285,
    "VaR %": -41.01057876138748,
    "VaR Value": -410.1057876138748
}