{
    "Min Final Price": 339.93566207845566,
    "VaR %": -42.05267726520559,
    "VaR Value": -420.5267726520559
}