{
    "Min Final Price": 607.9151687770207,
    "VaR %": -21.29252703202811,
    "VaR Value": -212.9252703202811
}