{
    "Min Final Price": 359.24097264562556,
    "VaR %": -28.09376223271127,
    "VaR Value": -280.9376223271127
}