{
    "Min Final Price": 235.43525883987073,
    "VaR %": -46.6742109320187,
    "VaR Value": -466.74210932018707
}