{
    "Min Final Price": 200.9943910600002,
    "VaR %": -46.15202097145863,
    "VaR Value": -461.5202097145864
}