{
    "Min Final Price": 467.44354936789,
    "VaR %": -19.86819070588883,
    "VaR Value": -198.6819070588883
}