{
    "Min Final Price": 309.885840943048,
    "VaR %": -45.29980717571599,
    "VaR Value": -452.9980717571599
}