{
    "Min Final Price": 379.15082452938293,
    "VaR %": -34.86717170913007,
    "VaR Value": -348.6717170913007
}