{
    "Min Final Price": 251.40542429235924,
    "VaR %": -44.97215213033996,
    "VaR Value": -449.7215213033995
}