{
    "Min Final Price": 536.5071796108514,
    "VaR %": -25.672975952353376,
    "VaR Value": -256.7297595235338
}