{
    "Min Final Price": 364.0731104105976,
    "VaR %": -37.942569909267185,
    "VaR Value": -379.42569909267183
}