{
    "Min Final Price": 294.8284919784155,
    "VaR %": -30.54064398578124,
    "VaR Value": -305.4064398578124
}