{
    "Min Final Price": 199.3309680024854,
    "VaR %": -50.18398863407234,
    "VaR Value": -501.8398863407234
}