{
    "Min Final Price": 365.3664012081778,
    "VaR %": -33.49767156242725,
    "VaR Value": -334.9767156242725
}