{
    "Min Final Price": 565.6570664659773,
    "VaR %": -23.591957182050603,
    "VaR Value": -235.919571820506
}