{
    "Min Final Price": 603.965379727644,
    "VaR %": -14.751397417775781,
    "VaR Value": -147.5139741777578
}