{
    "Min Final Price": 637.275701344336,
    "VaR %": -14.18954224945484,
    "VaR Value": -141.8954224945484
}