{
    "Min Final Price": 331.1681893166687,
    "VaR %": -33.595908436407434,
    "VaR Value": -335.95908436407433
}