{
    "Min Final Price": 343.986234638755,
    "VaR %": -43.5358275797744,
    "VaR Value": -435.358275797744
}