{
    "Min Final Price": 352.5020007239864,
    "VaR %": -34.137573601109835,
    "VaR Value": -341.37573601109835
}