{
    "Min Final Price": 307.7796900934529,
    "VaR %": -46.29511227875273,
    "VaR Value": -462.9511227875273
}