{
    "Min Final Price": 504.9924867099964,
    "VaR %": -30.184717102728836,
    "VaR Value": -301.84717102728837
}