{
    "Min Final Price": 421.83024751487494,
    "VaR %": -33.27714878791111,
    "VaR Value": -332.7714878791111
}