{
    "Min Final Price": 352.33958600718665,
    "VaR %": -1.1972416437097126,
    "VaR Value": -11.972416437097127
}