{
    "Min Final Price": 444.96322663451906,
    "VaR %": -30.694390920445308,
    "VaR Value": -306.94390920445306
}