{
    "Min Final Price": 530.6623204579143,
    "VaR %": -20.11115380198819,
    "VaR Value": -201.11153801988192
}