{
    "Min Final Price": 486.8465889464071,
    "VaR %": -25.25970734584233,
    "VaR Value": -252.5970734584233
}