{
    "Min Final Price": 356.06047881197037,
    "VaR %": -38.95848919977513,
    "VaR Value": -389.5848919977513
}