{
    "Min Final Price": 528.3951005975316,
    "VaR %": -19.855547369342194,
    "VaR Value": -198.55547369342193
}