{
    "Min Final Price": 192.28892597033195,
    "VaR %": -62.503615034125836,
    "VaR Value": -625.0361503412583
}