{
    "Min Final Price": 203.68198242438794,
    "VaR %": -51.81847791668477,
    "VaR Value": -518.1847791668476
}