{
    "Min Final Price": 403.95373514015415,
    "VaR %": -21.38723452043952,
    "VaR Value": -213.8723452043952
}