{
    "Min Final Price": 508.0580119398055,
    "VaR %": -15.78615664795559,
    "VaR Value": -157.8615664795559
}