{
    "Min Final Price": 354.4212979314484,
    "VaR %": -34.01513076569982,
    "VaR Value": -340.15130765699826
}