{
    "Min Final Price": 1877.2871530060165,
    "VaR %": 308.11521791535523,
    "VaR Value": 3081.1521791535524
}