{
    "Min Final Price": 280.6964195527938,
    "VaR %": -43.447273735674194,
    "VaR Value": -434.47273735674196
}