{
    "Min Final Price": 312.3124001439342,
    "VaR %": -47.63469174729932,
    "VaR Value": -476.34691747299325
}