{
    "Min Final Price": 572.970649051476,
    "VaR %": -15.26133731412742,
    "VaR Value": -152.61337314127422
}