{
    "Min Final Price": 467.8913171015279,
    "VaR %": -32.56739282755537,
    "VaR Value": -325.67392827555375
}