{
    "Min Final Price": 479.2721551400426,
    "VaR %": -21.694596917494,
    "VaR Value": -216.94596917494
}