{
    "Min Final Price": 395.89184774991094,
    "VaR %": -29.48262626455299,
    "VaR Value": -294.82626264552994
}