{
    "Min Final Price": 555.9117657498178,
    "VaR %": -23.7898157933605,
    "VaR Value": -237.898157933605
}