{
    "Min Final Price": 621.4672958132893,
    "VaR %": -22.067969767547922,
    "VaR Value": -220.67969767547925
}