{
    "Min Final Price": 452.19246918626834,
    "VaR %": -23.76535211310408,
    "VaR Value": -237.6535211310408
}