{
    "Min Final Price": 280.491350718687,
    "VaR %": -42.49949123559142,
    "VaR Value": -424.99491235591427
}