{
    "Min Final Price": 504.4093533855412,
    "VaR %": -21.5498690374509,
    "VaR Value": -215.498690374509
}