{
    "Min Final Price": 476.5094771006584,
    "VaR %": -27.444124119831788,
    "VaR Value": -274.44124119831787
}