{
    "Min Final Price": 438.02214860378064,
    "VaR %": -30.919641903757583,
    "VaR Value": -309.1964190375758
}