{
    "Min Final Price": 398.1889473920306,
    "VaR %": -32.69054294391874,
    "VaR Value": -326.90542943918746
}