{
    "Min Final Price": 547.9861112594801,
    "VaR %": -14.791623776073209,
    "VaR Value": -147.9162377607321
}