{
    "Min Final Price": 276.018667353306,
    "VaR %": -33.49913255447386,
    "VaR Value": -334.9913255447386
}