{
    "Min Final Price": 493.72903408702854,
    "VaR %": -26.660729751274364,
    "VaR Value": -266.6072975127436
}