{
    "Min Final Price": 354.3074290190851,
    "VaR %": -39.8468005476833,
    "VaR Value": -398.468005476833
}