{
    "Min Final Price": 521.1624968831098,
    "VaR %": -22.43231892750003,
    "VaR Value": -224.32318927500032
}