{
    "Min Final Price": 344.53590304494054,
    "VaR %": -41.95336236467247,
    "VaR Value": -419.5336236467248
}