{
    "Min Final Price": 736.5710655888323,
    "VaR %": -4.855755381209037,
    "VaR Value": -48.55755381209037
}