{
    "Min Final Price": 423.38900932461047,
    "VaR %": -27.370340147025214,
    "VaR Value": -273.7034014702521
}