{
    "Min Final Price": 605.0951845159678,
    "VaR %": -18.970033983385875,
    "VaR Value": -189.70033983385875
}