{
    "Min Final Price": 526.8546141753068,
    "VaR %": -24.54621337852636,
    "VaR Value": -245.4621337852636
}