{
    "Min Final Price": 405.5255028724271,
    "VaR %": -29.57866972400688,
    "VaR Value": -295.7866972400688
}