{
    "Min Final Price": 344.2113848393084,
    "VaR %": -35.90660289952437,
    "VaR Value": -359.06602899524376
}