{
    "Min Final Price": 432.8814191684319,
    "VaR %": -33.49167262307794,
    "VaR Value": -334.9167262307794
}