{
    "Min Final Price": 452.77979093956463,
    "VaR %": -24.46847944525922,
    "VaR Value": -244.6847944525922
}