{
    "Min Final Price": 342.34724526090594,
    "VaR %": -27.764125707002997,
    "VaR Value": -277.64125707002995
}