{
    "Min Final Price": 349.1141594007227,
    "VaR %": -13.993557235948655,
    "VaR Value": -139.93557235948657
}