{
    "Min Final Price": 271.8760569004187,
    "VaR %": -33.217330359217975,
    "VaR Value": -332.17330359217976
}