{
    "Min Final Price": 243.13463709492692,
    "VaR %": -46.34888925846511,
    "VaR Value": -463.488892584651
}