{
    "Min Final Price": 439.3884991062967,
    "VaR %": -35.796884184192265,
    "VaR Value": -357.9688418419226
}