{
    "Min Final Price": 391.31982787727975,
    "VaR %": -30.93768652346945,
    "VaR Value": -309.3768652346945
}