{
    "Min Final Price": 495.55426115955316,
    "VaR %": -24.978927738707345,
    "VaR Value": -249.78927738707344
}