{
    "Min Final Price": 450.22279135444643,
    "VaR %": -30.035508944682455,
    "VaR Value": -300.35508944682454
}