{
    "Min Final Price": 143.51993461783127,
    "VaR %": -49.97833928547996,
    "VaR Value": -499.7833928547996
}