{
    "Min Final Price": 547.2273295079145,
    "VaR %": -22.680546733695284,
    "VaR Value": -226.80546733695283
}