{
    "Min Final Price": 258.2364824449864,
    "VaR %": -46.54218842610048,
    "VaR Value": -465.4218842610048
}