{
    "Min Final Price": 321.3291666289568,
    "VaR %": -39.92549933148195,
    "VaR Value": -399.2549933148195
}