{
    "Min Final Price": 442.06068447437787,
    "VaR %": -22.75802018030423,
    "VaR Value": -227.58020180304229
}