{
    "Min Final Price": 335.6885818854157,
    "VaR %": -34.547028455748176,
    "VaR Value": -345.47028455748176
}