{
    "Min Final Price": 412.58514088034195,
    "VaR %": -18.459553408995998,
    "VaR Value": -184.59553408995995
}