{
    "Min Final Price": 490.0893310108819,
    "VaR %": -28.794496866840024,
    "VaR Value": -287.94496866840024
}