{
    "Min Final Price": 384.2570515981609,
    "VaR %": -37.55941373721105,
    "VaR Value": -375.5941373721105
}