{
    "Min Final Price": 635.520811378468,
    "VaR %": -14.251921719288044,
    "VaR Value": -142.51921719288043
}