{
    "Min Final Price": 442.9400962446181,
    "VaR %": -27.990735076816986,
    "VaR Value": -279.90735076816986
}