{
    "Min Final Price": 278.16148057194255,
    "VaR %": -47.95314097231188,
    "VaR Value": -479.53140972311877
}