{
    "Min Final Price": 419.7002541962061,
    "VaR %": -24.98831333692965,
    "VaR Value": -249.8831333692965
}