{
    "Min Final Price": 477.26986345114,
    "VaR %": -23.907090619312026,
    "VaR Value": -239.07090619312027
}