{
    "Min Final Price": 500.9454208165173,
    "VaR %": -26.983845285103936,
    "VaR Value": -269.83845285103934
}