{
    "Min Final Price": 187.23535023852693,
    "VaR %": -49.98879399565864,
    "VaR Value": -499.88793995658637
}