{
    "Min Final Price": 437.16465134962135,
    "VaR %": -13.278398224501412,
    "VaR Value": -132.7839822450141
}