{
    "Min Final Price": 379.74541902790037,
    "VaR %": -36.6945005752685,
    "VaR Value": -366.94500575268495
}