{
    "Min Final Price": 572.088412698697,
    "VaR %": -17.354035379295706,
    "VaR Value": -173.54035379295703
}