{
    "Min Final Price": 562.5211969263611,
    "VaR %": -17.21427644809725,
    "VaR Value": -172.14276448097252
}