{
    "Min Final Price": 443.31726479413356,
    "VaR %": -29.147898758568186,
    "VaR Value": -291.47898758568186
}