{
    "Min Final Price": 229.27664101067194,
    "VaR %": -59.82079388290482,
    "VaR Value": -598.2079388290482
}