{
    "Min Final Price": 155.95355258318693,
    "VaR %": -56.13791331105092,
    "VaR Value": -561.3791331105092
}