{
    "Min Final Price": 339.1981717027288,
    "VaR %": -36.860625217755064,
    "VaR Value": -368.6062521775507
}