{
    "Min Final Price": 262.8767047997975,
    "VaR %": -32.46559900401126,
    "VaR Value": -324.6559900401126
}