{
    "Min Final Price": 337.94205410565957,
    "VaR %": -33.20541406936322,
    "VaR Value": -332.0541406936322
}