{
    "Min Final Price": 557.9753300755779,
    "VaR %": -26.17490259273624,
    "VaR Value": -261.7490259273624
}