{
    "Min Final Price": 551.5056586740728,
    "VaR %": -19.28273715308525,
    "VaR Value": -192.8273715308525
}