{
    "Min Final Price": 519.1785133439189,
    "VaR %": -22.304014988185262,
    "VaR Value": -223.0401498818526
}