{
    "Min Final Price": 534.5842610506031,
    "VaR %": -27.72030318020632,
    "VaR Value": -277.2030318020632
}