{
    "Min Final Price": 515.8817578704194,
    "VaR %": -18.703982767710688,
    "VaR Value": -187.03982767710687
}