{
    "Min Final Price": 415.2468023955982,
    "VaR %": -23.580422941253016,
    "VaR Value": -235.80422941253016
}