{
    "Min Final Price": 338.9304452860958,
    "VaR %": -33.93274291381875,
    "VaR Value": -339.3274291381875
}