{
    "Min Final Price": 450.83807125699525,
    "VaR %": -30.789299642495305,
    "VaR Value": -307.892996424953
}