{
    "Min Final Price": 86.6499169548969,
    "VaR %": -67.7865687388788,
    "VaR Value": -677.8656873887879
}