{
    "Min Final Price": 219.63103204261324,
    "VaR %": -45.416403932626,
    "VaR Value": -454.16403932625997
}