{
    "Min Final Price": 385.5692468567889,
    "VaR %": -33.4591162365823,
    "VaR Value": -334.591162365823
}