{
    "Min Final Price": 354.8969783907775,
    "VaR %": -28.144259514334998,
    "VaR Value": -281.44259514334993
}