{
    "Min Final Price": 483.0125402350087,
    "VaR %": -22.714839620357232,
    "VaR Value": -227.14839620357233
}