{
    "Min Final Price": 233.67840357588344,
    "VaR %": -52.681521061168155,
    "VaR Value": -526.8152106116816
}