{
    "Min Final Price": 520.6494298862455,
    "VaR %": -19.225954014870634,
    "VaR Value": -192.25954014870635
}