{
    "Min Final Price": 457.62924624011504,
    "VaR %": -24.866725532633076,
    "VaR Value": -248.66725532633075
}