{
    "Min Final Price": 432.08082943725657,
    "VaR %": -27.76129800745302,
    "VaR Value": -277.61298007453024
}