{
    "Min Final Price": 398.27867355447654,
    "VaR %": -27.094353601881117,
    "VaR Value": -270.9435360188112
}