{
    "Min Final Price": 128.98714068649664,
    "VaR %": -61.76477849927642,
    "VaR Value": -617.6477849927642
}