{
    "Min Final Price": 531.6613741569138,
    "VaR %": -19.560801446156038,
    "VaR Value": -195.60801446156037
}