{
    "Min Final Price": 361.14230040181013,
    "VaR %": -24.786347205096888,
    "VaR Value": -247.8634720509689
}