{
    "Min Final Price": 486.85547910057574,
    "VaR %": -28.803025677911577,
    "VaR Value": -288.03025677911575
}