{
    "Min Final Price": 462.2916855509842,
    "VaR %": -27.62243193730935,
    "VaR Value": -276.2243193730935
}