{
    "Min Final Price": 306.5917172720183,
    "VaR %": -47.04140947994219,
    "VaR Value": -470.41409479942195
}