{
    "Min Final Price": 451.2316129298975,
    "VaR %": -6.820935047604834,
    "VaR Value": -68.20935047604834
}