{
    "Min Final Price": 289.7389709068442,
    "VaR %": -39.8957805656834,
    "VaR Value": -398.957805656834
}