{
    "Min Final Price": 229.0406760054201,
    "VaR %": -45.651034446721106,
    "VaR Value": -456.51034446721104
}