{
    "Min Final Price": 492.1511950265227,
    "VaR %": -23.40948582582212,
    "VaR Value": -234.09485825822122
}