{
    "Min Final Price": 160.45323238302697,
    "VaR %": -62.19359650906231,
    "VaR Value": -621.9359650906231
}