{
    "Min Final Price": 367.69659378374337,
    "VaR %": -21.323854307630867,
    "VaR Value": -213.23854307630864
}