{
    "Min Final Price": 407.74428000439207,
    "VaR %": -39.19162927659635,
    "VaR Value": -391.91629276596353
}