{
    "Min Final Price": 325.5729771599645,
    "VaR %": -32.11507927807112,
    "VaR Value": -321.15079278071124
}