{
    "Min Final Price": 321.86980543609565,
    "VaR %": -40.26287183743869,
    "VaR Value": -402.62871837438684
}