{
    "Min Final Price": 422.6436872210376,
    "VaR %": -26.595411655979373,
    "VaR Value": -265.9541165597937
}