{
    "Min Final Price": 466.28793309109255,
    "VaR %": -24.487100954408973,
    "VaR Value": -244.87100954408976
}