{
    "Min Final Price": 570.3675101363159,
    "VaR %": -16.89480421355163,
    "VaR Value": -168.9480421355163
}