{
    "Min Final Price": 328.27880718498443,
    "VaR %": -37.49179908227063,
    "VaR Value": -374.9179908227063
}