{
    "Min Final Price": 426.5543231449637,
    "VaR %": -24.68398127946734,
    "VaR Value": -246.83981279467338
}