{
    "Min Final Price": 294.86871685505577,
    "VaR %": -31.214394466025624,
    "VaR Value": -312.14394466025624
}