{
    "Min Final Price": 238.39555694898536,
    "VaR %": -50.13129707609192,
    "VaR Value": -501.3129707609192
}