{
    "Min Final Price": 227.13414210920587,
    "VaR %": -48.59617360890249,
    "VaR Value": -485.9617360890249
}