{
    "Min Final Price": 371.61961289345726,
    "VaR %": -26.176319155411388,
    "VaR Value": -261.76319155411386
}