{
    "Min Final Price": 359.82050797502933,
    "VaR %": -32.9888096435097,
    "VaR Value": -329.888096435097
}