{
    "Min Final Price": 142.10633299338008,
    "VaR %": -67.01496128511796,
    "VaR Value": -670.1496128511795
}