{
    "Min Final Price": 317.6761644678049,
    "VaR %": -33.1627066198024,
    "VaR Value": -331.627066198024
}