{
    "Min Final Price": 434.191785896152,
    "VaR %": -35.60587105508889,
    "VaR Value": -356.0587105508889
}