{
    "Min Final Price": 488.59852653608755,
    "VaR %": -22.904678497118585,
    "VaR Value": -229.04678497118584
}