{
    "Min Final Price": 261.9537066884957,
    "VaR %": -44.999555882950986,
    "VaR Value": -449.9955588295099
}