{
    "Min Final Price": 441.1751785850054,
    "VaR %": -36.08896428238624,
    "VaR Value": -360.88964282386246
}