{
    "Min Final Price": 346.6306150592453,
    "VaR %": -32.64291313444788,
    "VaR Value": -326.42913134447883
}