{
    "Min Final Price": 627.2232786239474,
    "VaR %": -21.17291656634689,
    "VaR Value": -211.72916566346888
}