{
    "Min Final Price": 547.0000093541112,
    "VaR %": -20.966145687321255,
    "VaR Value": -209.66145687321256
}