{
    "Min Final Price": 233.10408775173636,
    "VaR %": -38.155403663981474,
    "VaR Value": -381.55403663981474
}