{
    "Min Final Price": 321.640266227856,
    "VaR %": -47.219377942897225,
    "VaR Value": -472.1937794289723
}