{
    "Min Final Price": 185.65362987011082,
    "VaR %": -29.91529503177086,
    "VaR Value": -299.1529503177086
}