{
    "Min Final Price": 490.2353845498264,
    "VaR %": -22.037319054185012,
    "VaR Value": -220.3731905418501
}