{
    "Min Final Price": 384.4745710349524,
    "VaR %": -25.895348594873035,
    "VaR Value": -258.95348594873036
}