{
    "Min Final Price": 398.1476198477397,
    "VaR %": -26.365140043236675,
    "VaR Value": -263.65140043236676
}