{
    "Min Final Price": 337.20663584760786,
    "VaR %": -27.312680708666253,
    "VaR Value": -273.12680708666255
}