{
    "Min Final Price": 471.719366980021,
    "VaR %": -28.327693359786142,
    "VaR Value": -283.27693359786144
}