{
    "Min Final Price": 366.90023052481155,
    "VaR %": -38.016598198117244,
    "VaR Value": -380.1659819811724
}