{
    "Min Final Price": 307.6363239281308,
    "VaR %": -26.0669188077984,
    "VaR Value": -260.669188077984
}