{
    "Min Final Price": 199.59175340716473,
    "VaR %": -53.04242095919495,
    "VaR Value": -530.4242095919494
}