{
    "Min Final Price": 371.27769913777746,
    "VaR %": -32.68193614457967,
    "VaR Value": -326.81936144579674
}