{
    "Min Final Price": 416.6923406578856,
    "VaR %": -36.45549970873172,
    "VaR Value": -364.5549970873172
}