{
    "Min Final Price": 437.02114794222683,
    "VaR %": -32.135201879585225,
    "VaR Value": -321.35201879585225
}