{
    "Min Final Price": 589.9949741717493,
    "VaR %": -10.920764920859199,
    "VaR Value": -109.20764920859199
}