{
    "Min Final Price": 237.52623903761136,
    "VaR %": -50.68772500329061,
    "VaR Value": -506.8772500329061
}