{
    "Min Final Price": 310.27225178318537,
    "VaR %": -39.55362296259876,
    "VaR Value": -395.53622962598763
}