{
    "Min Final Price": 416.26367336006444,
    "VaR %": -25.413105011874173,
    "VaR Value": -254.1310501187417
}