{
    "Min Final Price": 448.2944056814392,
    "VaR %": -28.82164922977436,
    "VaR Value": -288.21649229774357
}