{
    "Min Final Price": 384.8628553857252,
    "VaR %": -31.943771780085868,
    "VaR Value": -319.43771780085865
}