{
    "Min Final Price": 532.2822433189108,
    "VaR %": -19.084692832784867,
    "VaR Value": -190.84692832784867
}