{
    "Min Final Price": 277.1313030047397,
    "VaR %": -42.52076041895453,
    "VaR Value": -425.20760418954535
}