{
    "Min Final Price": 289.53619625390553,
    "VaR %": -43.0588774673985,
    "VaR Value": -430.58877467398503
}