{
    "Min Final Price": 611.4279588903073,
    "VaR %": -15.40445847377782,
    "VaR Value": -154.04458473777822
}