{
    "Min Final Price": 451.23086048690317,
    "VaR %": -24.962798525336126,
    "VaR Value": -249.62798525336123
}