{
    "Min Final Price": 297.51938798190355,
    "VaR %": -44.78646696069813,
    "VaR Value": -447.8646696069813
}