{
    "Min Final Price": 599.7419958346954,
    "VaR %": -14.933768818769568,
    "VaR Value": -149.33768818769568
}