{
    "Min Final Price": 338.466876914203,
    "VaR %": -23.70985164297164,
    "VaR Value": -237.09851642971637
}