{
    "Min Final Price": 176.75149904482424,
    "VaR %": -52.7634307728326,
    "VaR Value": -527.634307728326
}