{
    "Min Final Price": 468.7015079757132,
    "VaR %": -30.70623072950317,
    "VaR Value": -307.0623072950317
}