{
    "Min Final Price": 434.4264012755006,
    "VaR %": -22.06836103785821,
    "VaR Value": -220.68361037858207
}