{
    "Min Final Price": 486.9529459240285,
    "VaR %": -17.26128937643435,
    "VaR Value": -172.61289376434348
}