{
    "Min Final Price": 538.8750539701565,
    "VaR %": -21.32278027167874,
    "VaR Value": -213.22780271678744
}