{
    "Min Final Price": 463.71588225418844,
    "VaR %": -28.636325504085992,
    "VaR Value": -286.3632550408599
}