{
    "Min Final Price": 281.3366009573007,
    "VaR %": -43.78857737733337,
    "VaR Value": -437.88577377333365
}