{
    "Min Final Price": 302.47647887644007,
    "VaR %": -45.493285358254624,
    "VaR Value": -454.9328535825463
}