{
    "Min Final Price": 414.21912684787503,
    "VaR %": -34.32957173458267,
    "VaR Value": -343.2957173458267
}