{
    "Min Final Price": 515.5295863254695,
    "VaR %": -19.038561947491555,
    "VaR Value": -190.38561947491556
}