{
    "Min Final Price": 436.03645096176444,
    "VaR %": -24.567276533843085,
    "VaR Value": -245.67276533843085
}