{
    "Min Final Price": 333.88760007294667,
    "VaR %": -38.57196846092531,
    "VaR Value": -385.71968460925314
}