{
    "Min Final Price": 269.5982270131435,
    "VaR %": -35.18148387250076,
    "VaR Value": -351.81483872500763
}