{
    "Min Final Price": 513.8610294394954,
    "VaR %": -20.84768353753559,
    "VaR Value": -208.4768353753559
}