{
    "Min Final Price": 336.24675037890825,
    "VaR %": -38.81065995070173,
    "VaR Value": -388.1065995070173
}