{
    "Min Final Price": 428.63631828580424,
    "VaR %": -31.305496360268997,
    "VaR Value": -313.05496360268995
}