{
    "Min Final Price": 446.5891959079672,
    "VaR %": -34.03244628612885,
    "VaR Value": -340.3244628612885
}