{
    "Min Final Price": 517.7413992596184,
    "VaR %": -21.99128993543279,
    "VaR Value": -219.9128993543279
}