{
    "Min Final Price": 419.78615254146564,
    "VaR %": -23.581213809182437,
    "VaR Value": -235.81213809182435
}