{
    "Min Final Price": 271.7683583705379,
    "VaR %": -49.69983953091851,
    "VaR Value": -496.9983953091851
}