{
    "Min Final Price": 283.279484954319,
    "VaR %": -34.65646978809501,
    "VaR Value": -346.5646978809501
}