{
    "Min Final Price": 427.05410900950966,
    "VaR %": -24.616419393972315,
    "VaR Value": -246.16419393972313
}