{
    "Min Final Price": 482.5193713691503,
    "VaR %": -24.476330516809206,
    "VaR Value": -244.76330516809205
}