{
    "Min Final Price": 567.1468400817929,
    "VaR %": -11.969492811526504,
    "VaR Value": -119.69492811526504
}