{
    "Min Final Price": 660.5939280886465,
    "VaR %": -13.653506188168832,
    "VaR Value": -136.5350618816883
}