{
    "Min Final Price": 318.10744795450165,
    "VaR %": -43.22217465151155,
    "VaR Value": -432.2217465151155
}