{
    "Min Final Price": 487.43202457598386,
    "VaR %": -32.76782119541527,
    "VaR Value": -327.6782119541527
}