{
    "Min Final Price": 489.67880988351453,
    "VaR %": -25.970311794333817,
    "VaR Value": -259.70311794333816
}