{
    "Min Final Price": 641.1564149254685,
    "VaR %": -15.47132836324929,
    "VaR Value": -154.7132836324929
}