{
    "Min Final Price": 325.69871397657124,
    "VaR %": -44.27057310893548,
    "VaR Value": -442.7057310893548
}