{
    "Min Final Price": 431.80629891493334,
    "VaR %": -26.28887188833296,
    "VaR Value": -262.8887188833296
}