{
    "Min Final Price": 303.2092061227247,
    "VaR %": -47.16022649007574,
    "VaR Value": -471.6022649007574
}