{
    "Min Final Price": 286.2668730220912,
    "VaR %": -41.45800990335379,
    "VaR Value": -414.5800990335379
}