{
    "Min Final Price": 279.7089646801634,
    "VaR %": -33.07723757966335,
    "VaR Value": -330.77237579663347
}