{
    "Min Final Price": 605.8088065476453,
    "VaR %": -19.234946881092128,
    "VaR Value": -192.3494688109213
}