{
    "Min Final Price": 294.6367554431424,
    "VaR %": -46.072711435851076,
    "VaR Value": -460.7271143585108
}