{
    "Min Final Price": 365.75451133812214,
    "VaR %": -40.509957336674184,
    "VaR Value": -405.0995733667418
}