{
    "Min Final Price": 616.1951294656149,
    "VaR %": -17.025465914203288,
    "VaR Value": -170.2546591420329
}