{
    "Min Final Price": 375.8263907362981,
    "VaR %": -22.060840228270745,
    "VaR Value": -220.60840228270746
}