{
    "Min Final Price": 391.77038455599313,
    "VaR %": -32.162225219821856,
    "VaR Value": -321.6222521982186
}