{
    "Min Final Price": 460.5071636150184,
    "VaR %": -30.785407272685312,
    "VaR Value": -307.85407272685313
}