{
    "Min Final Price": 182.14172930853636,
    "VaR %": -39.180901269322604,
    "VaR Value": -391.80901269322607
}