{
    "Min Final Price": 409.046233758084,
    "VaR %": -28.67047771973542,
    "VaR Value": -286.7047771973542
}