{
    "Min Final Price": 335.35980508406516,
    "VaR %": -24.74133597547163,
    "VaR Value": -247.4133597547163
}