{
    "Min Final Price": 440.8810546166776,
    "VaR %": -22.979380876795876,
    "VaR Value": -229.79380876795878
}