{
    "Min Final Price": 271.3372693843948,
    "VaR %": -36.100672729008,
    "VaR Value": -361.00672729007994
}