{
    "Min Final Price": 553.4059506887983,
    "VaR %": -19.17189482842036,
    "VaR Value": -191.7189482842036
}