{
    "Min Final Price": 530.996383324023,
    "VaR %": -15.061105884516115,
    "VaR Value": -150.61105884516115
}