{
    "Min Final Price": 250.31118792947066,
    "VaR %": -49.109139918918075,
    "VaR Value": -491.0913991891808
}