{
    "Min Final Price": 618.3629326607031,
    "VaR %": -13.95853121308234,
    "VaR Value": -139.5853121308234
}