{
    "Min Final Price": 446.98428530335724,
    "VaR %": -25.93801274574798,
    "VaR Value": -259.3801274574798
}