{
    "Min Final Price": 335.7422415297552,
    "VaR %": -35.96517281874523,
    "VaR Value": -359.65172818745236
}