{
    "Min Final Price": 321.2650589676902,
    "VaR %": -35.07682876571896,
    "VaR Value": -350.7682876571896
}