{
    "Min Final Price": 295.1710414123173,
    "VaR %": -48.660012192876046,
    "VaR Value": -486.6001219287605
}