{
    "Min Final Price": 374.0187936344104,
    "VaR %": -37.16751043472405,
    "VaR Value": -371.6751043472405
}