{
    "Min Final Price": 288.1893092479611,
    "VaR %": -35.68091581650737,
    "VaR Value": -356.80915816507377
}