{
    "Min Final Price": 289.13405646924497,
    "VaR %": -39.45752189614484,
    "VaR Value": -394.57521896144834
}