{
    "Min Final Price": 402.430096674724,
    "VaR %": -21.06135047040156,
    "VaR Value": -210.6135047040156
}