{
    "Min Final Price": 537.3026567396645,
    "VaR %": -20.36875926495242,
    "VaR Value": -203.6875926495242
}