{
    "Min Final Price": 360.2000877033925,
    "VaR %": -34.06910825714996,
    "VaR Value": -340.69108257149963
}