{
    "Min Final Price": 376.2454772711853,
    "VaR %": -36.41974469817067,
    "VaR Value": -364.1974469817067
}