{
    "Min Final Price": 594.8955084052678,
    "VaR %": -14.66945560419996,
    "VaR Value": -146.6945560419996
}