{
    "Min Final Price": 355.7622879118121,
    "VaR %": -34.86427718342628,
    "VaR Value": -348.6427718342628
}