{
    "Min Final Price": 386.96375754153377,
    "VaR %": -27.019765491504582,
    "VaR Value": -270.1976549150458
}