{
    "Min Final Price": 430.70623486584964,
    "VaR %": -20.91073064355431,
    "VaR Value": -209.10730643554308
}