{
    "Min Final Price": 541.541997399605,
    "VaR %": -17.274859517229817,
    "VaR Value": -172.74859517229817
}