{
    "Min Final Price": 438.1542484842091,
    "VaR %": -24.579025624020783,
    "VaR Value": -245.79025624020784
}