{
    "Min Final Price": 382.06541415706323,
    "VaR %": -38.70043566589231,
    "VaR Value": -387.0043566589231
}