{
    "Min Final Price": 271.73211746200366,
    "VaR %": -37.79025255693861,
    "VaR Value": -377.9025255693861
}