{
    "Min Final Price": 271.9251461898471,
    "VaR %": -50.882532936513655,
    "VaR Value": -508.82532936513655
}