{
    "Min Final Price": 240.37421404263364,
    "VaR %": -45.708965186319254,
    "VaR Value": -457.08965186319256
}