{
    "Min Final Price": 517.4577602514668,
    "VaR %": -16.47047292918414,
    "VaR Value": -164.7047292918414
}