{
    "Min Final Price": 468.10499596440343,
    "VaR %": -22.160733087212662,
    "VaR Value": -221.60733087212662
}