{
    "Min Final Price": 414.64441384518494,
    "VaR %": -34.98257651261078,
    "VaR Value": -349.82576512610774
}