{
    "Min Final Price": 639.5183434262437,
    "VaR %": -10.13242537897558,
    "VaR Value": -101.32425378975579
}