{
    "Min Final Price": 451.49391733958095,
    "VaR %": -25.876586726300076,
    "VaR Value": -258.76586726300076
}