{
    "Min Final Price": 431.7200733328837,
    "VaR %": -28.99798383577295,
    "VaR Value": -289.9798383577295
}