{
    "Min Final Price": 576.5651744261767,
    "VaR %": -16.634356136755837,
    "VaR Value": -166.34356136755838
}