{
    "Min Final Price": 135.79037209157798,
    "VaR %": -36.810914888361246,
    "VaR Value": -368.1091488836125
}