{
    "Min Final Price": 184.40313725496964,
    "VaR %": -54.35920876666103,
    "VaR Value": -543.5920876666103
}