{
    "Min Final Price": 352.24058562358834,
    "VaR %": -45.57163368584641,
    "VaR Value": -455.7163368584641
}