{
    "Min Final Price": 317.2725733565301,
    "VaR %": -36.18935465456661,
    "VaR Value": -361.8935465456661
}