{
    "Min Final Price": 430.7682822515764,
    "VaR %": -22.251797624824036,
    "VaR Value": -222.51797624824036
}