{
    "Min Final Price": 100.47367973664917,
    "VaR %": -47.15605939642653,
    "VaR Value": -471.56059396426525
}