{
    "Min Final Price": 239.7919398254432,
    "VaR %": -57.36039211561575,
    "VaR Value": -573.6039211561575
}