{
    "Min Final Price": 230.2789885602111,
    "VaR %": -45.97895659743661,
    "VaR Value": -459.78956597436604
}