{
    "Min Final Price": 502.93977566678495,
    "VaR %": -16.72785391436372,
    "VaR Value": -167.27853914363718
}