{
    "Min Final Price": 537.6408331958594,
    "VaR %": -18.637698992123923,
    "VaR Value": -186.37698992123921
}