{
    "Min Final Price": 564.6490109344097,
    "VaR %": -21.584021618460564,
    "VaR Value": -215.84021618460565
}