{
    "Min Final Price": 390.41284930777545,
    "VaR %": -34.69828688172794,
    "VaR Value": -346.9828688172794
}