{
    "Min Final Price": 247.05995737674388,
    "VaR %": -33.87342601101784,
    "VaR Value": -338.7342601101784
}