{
    "Min Final Price": 449.68607467320516,
    "VaR %": -20.207329163907843,
    "VaR Value": -202.07329163907843
}