{
    "Min Final Price": 134.52820407436673,
    "VaR %": -52.95233498101153,
    "VaR Value": -529.5233498101153
}