{
    "Min Final Price": 171.32577141025655,
    "VaR %": -64.55591057633406,
    "VaR Value": -645.5591057633407
}