{
    "Min Final Price": 569.6066071820134,
    "VaR %": -17.702576812251834,
    "VaR Value": -177.02576812251831
}