{
    "Min Final Price": 275.12406264571035,
    "VaR %": -29.512515933581042,
    "VaR Value": -295.1251593358104
}