{
    "Min Final Price": 537.0072559150207,
    "VaR %": -14.515074781533313,
    "VaR Value": -145.15074781533312
}