{
    "Min Final Price": 259.88076944725225,
    "VaR %": -46.37353558880371,
    "VaR Value": -463.7353558880371
}