{
    "Min Final Price": 229.17145170487225,
    "VaR %": -41.83559585203737,
    "VaR Value": -418.3559585203737
}