{
    "Min Final Price": 565.990285128009,
    "VaR %": -15.79367902657099,
    "VaR Value": -157.9367902657099
}