{
    "Min Final Price": 426.9714088271843,
    "VaR %": -29.150132240858646,
    "VaR Value": -291.5013224085865
}