{
    "Min Final Price": 474.83175084357055,
    "VaR %": -12.198897466509635,
    "VaR Value": -121.98897466509635
}