{
    "Min Final Price": 335.4142944130357,
    "VaR %": -35.07748485962364,
    "VaR Value": -350.7748485962364
}