{
    "Min Final Price": 271.89776111972367,
    "VaR %": -46.33994047755669,
    "VaR Value": -463.3994047755669
}