{
    "Min Final Price": 470.65647525329905,
    "VaR %": -27.20295661485125,
    "VaR Value": -272.02956614851246
}