{
    "Min Final Price": 331.94072341025515,
    "VaR %": -43.0862104757163,
    "VaR Value": -430.862104757163
}