{
    "Min Final Price": 406.92330046824753,
    "VaR %": -34.69442287493777,
    "VaR Value": -346.94422874937777
}