{
    "Min Final Price": 367.4977162473526,
    "VaR %": -32.045707053384504,
    "VaR Value": -320.457070533845
}