{
    "Min Final Price": 191.42327352264547,
    "VaR %": -32.22420392392954,
    "VaR Value": -322.24203923929537
}