{
    "Min Final Price": 429.818485914253,
    "VaR %": -32.82434918585779,
    "VaR Value": -328.24349185857795
}