{
    "Min Final Price": 249.18971932971473,
    "VaR %": -45.620011971932264,
    "VaR Value": -456.20011971932263
}