{
    "Min Final Price": 420.6528105981578,
    "VaR %": -39.31168802016568,
    "VaR Value": -393.11688020165684
}