{
    "Min Final Price": 393.14240976149114,
    "VaR %": -40.80013111357964,
    "VaR Value": -408.0013111357964
}