{
    "Min Final Price": 300.3493097589245,
    "VaR %": -39.710137136951346,
    "VaR Value": -397.10137136951346
}