{
    "Min Final Price": 436.05040575824756,
    "VaR %": -26.456486127146334,
    "VaR Value": -264.5648612714633
}