{
    "Min Final Price": 507.6184088948972,
    "VaR %": -15.15148587267908,
    "VaR Value": -151.5148587267908
}