{
    "Min Final Price": 219.85437326906475,
    "VaR %": -49.4471614632626,
    "VaR Value": -494.47161463262603
}