{
    "Min Final Price": 303.38475272801617,
    "VaR %": -43.04247669900683,
    "VaR Value": -430.4247669900683
}