{
    "Min Final Price": 396.2238571911595,
    "VaR %": -30.30305388929819,
    "VaR Value": -303.03053889298195
}