{
    "Min Final Price": 250.8869050099315,
    "VaR %": -48.654391845681275,
    "VaR Value": -486.5439184568127
}