{
    "Min Final Price": 367.8239848083218,
    "VaR %": -30.411098056827267,
    "VaR Value": -304.1109805682727
}