{
    "Min Final Price": 463.3327954662442,
    "VaR %": -14.900836131413737,
    "VaR Value": -149.00836131413737
}