{
    "Min Final Price": 505.4417461671419,
    "VaR %": -19.32473348956347,
    "VaR Value": -193.24733489563474
}