{
    "Min Final Price": 97.77166383461167,
    "VaR %": -59.5693286923141,
    "VaR Value": -595.693286923141
}