{
    "Min Final Price": 259.17409981143766,
    "VaR %": -46.772187198620195,
    "VaR Value": -467.72187198620196
}