{
    "Min Final Price": 242.5593545782946,
    "VaR %": -28.702290807793545,
    "VaR Value": -287.0229080779355
}