{
    "Min Final Price": 525.2768701482408,
    "VaR %": -17.72104801949297,
    "VaR Value": -177.2104801949297
}