{
    "Min Final Price": 414.3821173930021,
    "VaR %": -32.12392679324073,
    "VaR Value": -321.23926793240724
}