{
    "Min Final Price": 170.3790386916356,
    "VaR %": -69.4264275687808,
    "VaR Value": -694.264275687808
}