{
    "Min Final Price": 450.54127757954734,
    "VaR %": -35.14401722745531,
    "VaR Value": -351.4401722745531
}