{
    "Min Final Price": 467.9148615456706,
    "VaR %": -24.599019741614494,
    "VaR Value": -245.99019741614495
}