{
    "Min Final Price": 680.4610236452743,
    "VaR %": -16.118307611843267,
    "VaR Value": -161.18307611843267
}