{
    "Min Final Price": 563.9769054548825,
    "VaR %": -21.19006217748205,
    "VaR Value": -211.90062177482054
}