{
    "Min Final Price": 332.52172718303837,
    "VaR %": -39.167467078483384,
    "VaR Value": -391.67467078483384
}