{
    "Min Final Price": 540.355346784243,
    "VaR %": -17.96012410314302,
    "VaR Value": -179.60124103143022
}