{
    "Min Final Price": 573.7599029615166,
    "VaR %": -14.793575345707307,
    "VaR Value": -147.93575345707308
}