{
    "Min Final Price": 351.3198014184625,
    "VaR %": -34.27347175807661,
    "VaR Value": -342.7347175807661
}