{
    "Min Final Price": 230.50292299479915,
    "VaR %": -50.157936700657224,
    "VaR Value": -501.5793670065722
}