{
    "Min Final Price": 457.57704806340564,
    "VaR %": -23.54588153461478,
    "VaR Value": -235.4588153461478
}