{
    "Min Final Price": 470.6249948279032,
    "VaR %": -22.194119069943834,
    "VaR Value": -221.94119069943835
}