{
    "Min Final Price": 435.34126721561375,
    "VaR %": -18.395006172206145,
    "VaR Value": -183.95006172206146
}