{
    "Min Final Price": 534.7182971228424,
    "VaR %": -24.47529274955252,
    "VaR Value": -244.7529274955252
}