{
    "Min Final Price": 443.9920900594174,
    "VaR %": -31.075502596905586,
    "VaR Value": -310.75502596905585
}