{
    "Min Final Price": 372.50758958795177,
    "VaR %": -36.784816979533346,
    "VaR Value": -367.8481697953335
}