{
    "Min Final Price": 517.9186324138667,
    "VaR %": -23.820399221664935,
    "VaR Value": -238.20399221664934
}