{
    "Min Final Price": 359.77141238829745,
    "VaR %": -35.772793365679675,
    "VaR Value": -357.7279336567968
}