{
    "Min Final Price": 537.2871782874491,
    "VaR %": -13.343156970280868,
    "VaR Value": -133.43156970280867
}