{
    "Min Final Price": 498.8843591781995,
    "VaR %": -26.387305013584555,
    "VaR Value": -263.8730501358456
}