{
    "Min Final Price": 447.53161714799603,
    "VaR %": -27.835375292958226,
    "VaR Value": -278.35375292958224
}