{
    "Min Final Price": 307.0504028201761,
    "VaR %": -38.08509981219165,
    "VaR Value": -380.85099812191646
}