{
    "Min Final Price": 553.3846584937232,
    "VaR %": -16.23936734869145,
    "VaR Value": -162.3936734869145
}