{
    "Min Final Price": 330.6953300639998,
    "VaR %": -39.24767334531688,
    "VaR Value": -392.4767334531688
}