{
    "Min Final Price": 357.050272548402,
    "VaR %": -38.443884831824,
    "VaR Value": -384.43884831824
}