{
    "Min Final Price": 330.2467882804681,
    "VaR %": -31.314979916847403,
    "VaR Value": -313.14979916847403
}