{
    "Min Final Price": 228.75036732307447,
    "VaR %": -45.0745934465001,
    "VaR Value": -450.74593446500097
}