{
    "Min Final Price": 293.7469277182175,
    "VaR %": -40.03890311312971,
    "VaR Value": -400.38903113129714
}