{
    "Min Final Price": 247.89574283030623,
    "VaR %": -35.28442650955538,
    "VaR Value": -352.8442650955538
}