{
    "Min Final Price": 191.55937858688907,
    "VaR %": -55.1154469835897,
    "VaR Value": -551.154469835897
}