{
    "Min Final Price": 214.839425208597,
    "VaR %": -52.63099268658134,
    "VaR Value": -526.3099268658134
}