{
    "Min Final Price": 513.1415838720767,
    "VaR %": -26.96548731761641,
    "VaR Value": -269.6548731761641
}