{
    "Min Final Price": 427.5531385844519,
    "VaR %": -36.49813545002819,
    "VaR Value": -364.98135450028184
}