{
    "Min Final Price": 314.63481173039975,
    "VaR %": -33.89807692065267,
    "VaR Value": -338.9807692065267
}