{
    "Min Final Price": 231.70810753011565,
    "VaR %": -45.096892641496154,
    "VaR Value": -450.9689264149616
}