{
    "Min Final Price": 428.34458855675086,
    "VaR %": -32.27449596177905,
    "VaR Value": -322.7449596177905
}