{
    "Min Final Price": 397.0775906954795,
    "VaR %": -33.630074405503514,
    "VaR Value": -336.3007440550351
}