{
    "Min Final Price": 280.57367086861564,
    "VaR %": -48.91443923042244,
    "VaR Value": -489.1443923042244
}