{
    "Min Final Price": 445.00808357962654,
    "VaR %": -25.17348755297816,
    "VaR Value": -251.7348755297816
}