{
    "Min Final Price": 358.6161794387803,
    "VaR %": -28.84560772585669,
    "VaR Value": -288.45607725856695
}