{
    "Min Final Price": 469.0427557507179,
    "VaR %": -18.990889112262277,
    "VaR Value": -189.90889112262278
}