{
    "Min Final Price": 593.5725974240197,
    "VaR %": -15.70086854865102,
    "VaR Value": -157.0086854865102
}