{
    "Min Final Price": 490.2526810168191,
    "VaR %": -20.9473707676219,
    "VaR Value": -209.473707676219
}