{
    "Min Final Price": 591.3750148364329,
    "VaR %": -15.032955326454806,
    "VaR Value": -150.32955326454805
}