{
    "Min Final Price": 415.6724345438884,
    "VaR %": -33.36563088255273,
    "VaR Value": -333.6563088255273
}