{
    "Min Final Price": 565.756002849841,
    "VaR %": -20.054590305520687,
    "VaR Value": -200.54590305520688
}