{
    "Min Final Price": 465.8761284299624,
    "VaR %": -22.686855996733836,
    "VaR Value": -226.86855996733837
}