{
    "Min Final Price": 289.72155036392866,
    "VaR %": -34.59071912174551,
    "VaR Value": -345.90719121745514
}