{
    "Min Final Price": 143.07784779936327,
    "VaR %": -50.47261370051045,
    "VaR Value": -504.7261370051045
}