{
    "Min Final Price": 266.3067074798974,
    "VaR %": -33.31924549948876,
    "VaR Value": -333.1924549948876
}