{
    "Min Final Price": 615.1574315085169,
    "VaR %": -10.938770039473301,
    "VaR Value": -109.38770039473302
}