{
    "Min Final Price": 504.47745864247116,
    "VaR %": -26.34156084921463,
    "VaR Value": -263.4156084921463
}