{
    "Min Final Price": 290.1057191578398,
    "VaR %": -51.998467230807464,
    "VaR Value": -519.9846723080747
}