{
    "Min Final Price": 523.8383387768316,
    "VaR %": -27.748103213538027,
    "VaR Value": -277.4810321353803
}