{
    "Min Final Price": 648.5516239553955,
    "VaR %": -16.588005444674163,
    "VaR Value": -165.88005444674164
}