{
    "Min Final Price": 557.5320631946513,
    "VaR %": -22.65082737373745,
    "VaR Value": -226.5082737373745
}