{
    "Min Final Price": 269.81387534392644,
    "VaR %": -42.40158647962357,
    "VaR Value": -424.0158647962357
}