{
    "Min Final Price": 476.88909931027223,
    "VaR %": -19.949156570841975,
    "VaR Value": -199.49156570841976
}