{
    "Min Final Price": 489.1326362651237,
    "VaR %": -24.285459004923656,
    "VaR Value": -242.85459004923655
}