{
    "Min Final Price": 495.1264914124884,
    "VaR %": -20.56976146127095,
    "VaR Value": -205.6976146127095
}