{
    "Min Final Price": 275.96990186736514,
    "VaR %": -40.95870597825086,
    "VaR Value": -409.5870597825086
}