{
    "Min Final Price": 355.09393937843146,
    "VaR %": -39.836476720709896,
    "VaR Value": -398.36476720709896
}