{
    "Min Final Price": 261.2596014660318,
    "VaR %": -43.56251708730871,
    "VaR Value": -435.6251708730871
}