{
    "Min Final Price": 372.5789350071251,
    "VaR %": -24.485445486263586,
    "VaR Value": -244.8544548626359
}