{
    "Min Final Price": 356.8674881668496,
    "VaR %": -36.70717325487083,
    "VaR Value": -367.0717325487083
}