{
    "Min Final Price": 172.15404079962826,
    "VaR %": -44.8593843961166,
    "VaR Value": -448.59384396116604
}