{
    "Min Final Price": 211.84094564851597,
    "VaR %": -47.98437760750913,
    "VaR Value": -479.84377607509134
}