{
    "Min Final Price": 425.04466240156285,
    "VaR %": -22.571871296537026,
    "VaR Value": -225.71871296537026
}