{
    "Min Final Price": 412.2385645962456,
    "VaR %": -29.858408957110722,
    "VaR Value": -298.5840895711072
}