{
    "Min Final Price": 584.5983676625484,
    "VaR %": -24.390771291202775,
    "VaR Value": -243.90771291202773
}