{
    "Min Final Price": 365.46763925919106,
    "VaR %": -37.604379896958974,
    "VaR Value": -376.0437989695897
}