{
    "Min Final Price": 353.52313565608824,
    "VaR %": -23.734735031427086,
    "VaR Value": -237.34735031427087
}