{
    "Min Final Price": 512.2809922073088,
    "VaR %": -20.26790127397436,
    "VaR Value": -202.6790127397436
}