{
    "Min Final Price": 413.7043822818304,
    "VaR %": -23.047061383761683,
    "VaR Value": -230.47061383761684
}