{
    "Min Final Price": 456.1323531282986,
    "VaR %": -22.673050363539332,
    "VaR Value": -226.73050363539332
}