{
    "Min Final Price": 335.25199175367413,
    "VaR %": -37.73900986157553,
    "VaR Value": -377.39009861575533
}