{
    "Min Final Price": 391.0491359518663,
    "VaR %": -36.660421930114026,
    "VaR Value": -366.6042193011403
}