{
    "Min Final Price": 371.1949066045741,
    "VaR %": -23.479827994917365,
    "VaR Value": -234.79827994917366
}