{
    "Min Final Price": 481.9316522665887,
    "VaR %": -25.19245969853151,
    "VaR Value": -251.9245969853151
}