{
    "Min Final Price": 451.09535705164745,
    "VaR %": -22.21758010561419,
    "VaR Value": -222.1758010561419
}