{
    "Min Final Price": 455.3999820639013,
    "VaR %": -18.503516679365152,
    "VaR Value": -185.0351667936515
}