{
    "Min Final Price": 254.7666419694431,
    "VaR %": -36.74268137773959,
    "VaR Value": -367.4268137773959
}