{
    "Min Final Price": 255.988436359046,
    "VaR %": -54.08073438672597,
    "VaR Value": -540.8073438672598
}