{
    "Min Final Price": 190.7906807627627,
    "VaR %": -57.97323780421476,
    "VaR Value": -579.7323780421476
}