{
    "Min Final Price": 337.0527398140892,
    "VaR %": -39.20134603427148,
    "VaR Value": -392.01346034271484
}