{
    "Min Final Price": 413.55448245989714,
    "VaR %": -33.031811170343275,
    "VaR Value": -330.3181117034328
}