{
    "Min Final Price": 537.4726229218936,
    "VaR %": -25.799766319581313,
    "VaR Value": -257.9976631958131
}