{
    "Min Final Price": 470.68806722340094,
    "VaR %": -18.53699221791933,
    "VaR Value": -185.36992217919328
}