{
    "Min Final Price": 239.95519588671314,
    "VaR %": -34.44116484280091,
    "VaR Value": -344.4116484280091
}