{
    "Min Final Price": 503.1775943227155,
    "VaR %": -28.383824421944,
    "VaR Value": -283.83824421943996
}