{
    "Min Final Price": 449.4173917402806,
    "VaR %": -26.17551272381384,
    "VaR Value": -261.75512723813836
}