{
    "Min Final Price": 342.7618825838786,
    "VaR %": -33.099113879702195,
    "VaR Value": -330.99113879702196
}