{
    "Min Final Price": 423.3173010466016,
    "VaR %": -23.721673961648513,
    "VaR Value": -237.2167396164851
}