{
    "Min Final Price": 377.87381913939186,
    "VaR %": -41.16097208853143,
    "VaR Value": -411.60972088531435
}