{
    "Min Final Price": 396.0872361373688,
    "VaR %": -16.914023737031002,
    "VaR Value": -169.14023737031002
}