{
    "Min Final Price": 181.34053228212053,
    "VaR %": -55.34721884540089,
    "VaR Value": -553.4721884540089
}