{
    "Min Final Price": 437.83416858265883,
    "VaR %": -26.545383054104587,
    "VaR Value": -265.4538305410459
}