{
    "Min Final Price": 318.58026479599965,
    "VaR %": -34.99393336094759,
    "VaR Value": -349.93933360947585
}