{
    "Min Final Price": 305.75343683169024,
    "VaR %": -35.12902172905583,
    "VaR Value": -351.29021729055825
}