{
    "Min Final Price": 540.2890930013144,
    "VaR %": -14.1171753275447,
    "VaR Value": -141.171753275447
}