{
    "Min Final Price": 504.6344941669414,
    "VaR %": -20.373414800773524,
    "VaR Value": -203.73414800773526
}