{
    "Min Final Price": 516.1973903639949,
    "VaR %": -22.95103209439783,
    "VaR Value": -229.51032094397831
}