{
    "Min Final Price": 336.51845024596525,
    "VaR %": -39.682735558025946,
    "VaR Value": -396.82735558025945
}