{
    "Min Final Price": 433.5279220073971,
    "VaR %": -32.55121555028027,
    "VaR Value": -325.51215550280267
}