{
    "Min Final Price": 416.9660037990242,
    "VaR %": -22.23398335415898,
    "VaR Value": -222.3398335415898
}