{
    "Min Final Price": 417.1495917374861,
    "VaR %": -33.462099364899906,
    "VaR Value": -334.62099364899905
}