{
    "Min Final Price": 359.47354370223616,
    "VaR %": -39.21107586237903,
    "VaR Value": -392.11075862379033
}