{
    "Min Final Price": 252.4469065668103,
    "VaR %": -38.953792247966824,
    "VaR Value": -389.5379224796682
}