{
    "Min Final Price": 396.6318090913481,
    "VaR %": -38.9284955947117,
    "VaR Value": -389.284955947117
}