{
    "Min Final Price": 491.609068653864,
    "VaR %": -18.63521450783966,
    "VaR Value": -186.3521450783966
}