{
    "Min Final Price": 511.87747160814024,
    "VaR %": -20.194408730183483,
    "VaR Value": -201.94408730183483
}