{
    "Min Final Price": 232.64852133391102,
    "VaR %": -53.38766222108342,
    "VaR Value": -533.8766222108342
}