{
    "Min Final Price": 332.44104651978125,
    "VaR %": -43.286066005236414,
    "VaR Value": -432.8606600523641
}