{
    "Min Final Price": 202.2120079190886,
    "VaR %": -54.406464987654054,
    "VaR Value": -544.0646498765406
}