{
    "Min Final Price": 603.453967160309,
    "VaR %": -17.38684031470887,
    "VaR Value": -173.8684031470887
}