{
    "Min Final Price": 409.6470970405621,
    "VaR %": -33.58287720286563,
    "VaR Value": -335.8287720286564
}