{
    "Min Final Price": 397.3041204640839,
    "VaR %": -27.899398247501928,
    "VaR Value": -278.99398247501927
}