{
    "Min Final Price": 410.27380903968805,
    "VaR %": -39.16079493336343,
    "VaR Value": -391.6079493336342
}