{
    "Min Final Price": 250.72793726377867,
    "VaR %": -48.65338964440281,
    "VaR Value": -486.5338964440281
}