{
    "Min Final Price": 218.6661262350742,
    "VaR %": -55.587840761914286,
    "VaR Value": -555.8784076191429
}