{
    "Min Final Price": 480.53435546224597,
    "VaR %": -15.070040523267943,
    "VaR Value": -150.70040523267943
}