{
    "Min Final Price": 437.63196900645556,
    "VaR %": -35.75093153532498,
    "VaR Value": -357.5093153532498
}