{
    "Min Final Price": 321.094998302494,
    "VaR %": -39.70131318201197,
    "VaR Value": -397.0131318201197
}