{
    "Min Final Price": 299.8013004364321,
    "VaR %": -44.359797543081186,
    "VaR Value": -443.59797543081186
}