{
    "Min Final Price": 582.1063877496109,
    "VaR %": -10.743367360899708,
    "VaR Value": -107.43367360899707
}