{
    "Min Final Price": 254.06069718480956,
    "VaR %": -47.91257597441304,
    "VaR Value": -479.12575974413033
}