{
    "Min Final Price": 619.375291763047,
    "VaR %": -19.11334369049648,
    "VaR Value": -191.1334369049648
}