{
    "Min Final Price": 523.7784061863975,
    "VaR %": -15.959919127895796,
    "VaR Value": -159.59919127895796
}