{
    "Min Final Price": 241.13304706907462,
    "VaR %": -53.149980338181955,
    "VaR Value": -531.4998033818196
}