{
    "Min Final Price": 580.2237651750416,
    "VaR %": -12.978779324227323,
    "VaR Value": -129.78779324227324
}