{
    "Min Final Price": 534.5604062115851,
    "VaR %": -23.042928003001077,
    "VaR Value": -230.42928003001074
}