{
    "Min Final Price": 316.46001012011766,
    "VaR %": -38.30849898992284,
    "VaR Value": -383.0849898992284
}