{
    "Min Final Price": 185.68519439691036,
    "VaR %": -59.17910258334073,
    "VaR Value": -591.7910258334073
}