{
    "Min Final Price": 597.2853188225995,
    "VaR %": -15.352357355989357,
    "VaR Value": -153.52357355989358
}