{
    "Min Final Price": 376.4192747103281,
    "VaR %": -33.53712507449471,
    "VaR Value": -335.37125074494713
}