{
    "Min Final Price": 299.2231702162825,
    "VaR %": -38.55368771154382,
    "VaR Value": -385.5368771154382
}