{
    "Min Final Price": 461.96102144653935,
    "VaR %": -26.555540549058332,
    "VaR Value": -265.5554054905833
}