{
    "Min Final Price": 479.49441678103756,
    "VaR %": -20.104794836588194,
    "VaR Value": -201.04794836588195
}