{
    "Min Final Price": 278.45208479028736,
    "VaR %": -31.90200414387992,
    "VaR Value": -319.0200414387992
}