{
    "Min Final Price": 356.474051555282,
    "VaR %": -31.402458926023673,
    "VaR Value": -314.0245892602367
}