{
    "Min Final Price": 288.84593774313294,
    "VaR %": -36.24287933757787,
    "VaR Value": -362.4287933757787
}