{
    "Min Final Price": 490.00844692602936,
    "VaR %": -18.788277387965422,
    "VaR Value": -187.88277387965422
}